{"@/Modelling/bottom/ActuatedArm1/ServoMotor.angleIn": -1.2000000476837158, "@/Modelling/bottom/ActuatedArm0/ServoMotor/BaseFrame/dofs.position": [-7.819369812555851e-15, 91.35, -25.200000000000003, 0.0, 0.0, 1.0, 6.123233995736766e-17], "@/Modelling/bottom/ActuatedArm2/ServoMotor/BaseFrame/dofs.position": [-21.823840175367877, 91.35000000000001, 12.599999999999962, -0.8660254037844387, 5.3028761936245346e-17, -0.4999999999999998, -3.061616997868382e-17], "@/Modelling/bottom/ActuatedArm2/ServoMotor.angleIn": -1.2000000476837158, "@/Modelling/bottom/ActuatedArm0/ServoMotor.angleIn": -1.2000000476837158, "@/Modelling/bottom/ActuatedArm1/ServoMotor/BaseFrame/dofs.position": [21.82384017536784, 91.35, 12.600000000000016, -0.8660254037844386, 5.302876193624534e-17, 0.5000000000000001, 3.0616169978683836e-17]}